Project,Driver,# Drivers,# APIs,Iteration,Coverage,Total Cov,Crash,Unique Crash
libhtp,driver0,5,2,1,0.28%,1.97%,0,0
libhtp,driver3,5,2,1,0.11%,1.97%,248,0
libhtp,driver4,5,2,1,0.17%,1.97%,0,0
libhtp,driver1,5,2,1,0.17%,1.97%,0,0
libhtp,driver2,5,2,1,1.41%,1.97%,0,0
pthreadpool,driver0,5,2,1,7.32%,15.26%,22,0
pthreadpool,driver3,5,2,1,10.44%,15.26%,3,0
pthreadpool,driver4,5,2,1,7.32%,15.26%,9,0
pthreadpool,driver1,5,2,1,7.24%,15.26%,33,0
pthreadpool,driver2,5,2,1,7.32%,15.26%,49,0
libhtp,driver0,5,4,1,0.00%,1.73%,247,0
libhtp,driver3,5,4,1,1.58%,1.73%,0,0
libhtp,driver4,5,4,1,0.00%,1.73%,220,0
libhtp,driver1,5,4,1,0.00%,1.73%,2,0
libhtp,driver2,5,4,1,0.14%,1.73%,307,0
pthreadpool,driver0,5,4,1,0.00%,15.97%,4,0
pthreadpool,driver3,5,4,1,9.66%,15.97%,41,0
pthreadpool,driver4,5,4,1,10.05%,15.97%,36,0
pthreadpool,driver1,5,4,1,9.19%,15.97%,79,0
pthreadpool,driver2,5,4,1,8.41%,15.97%,12,0
